PERIOD_BEGIN,MEDIAN_SALE_PRICE,HOMES_SOLD,NEW_LISTINGS,INVENTORY,MONTHS_OF_SUPPLY,MEDIAN_DOM,PRICE_DROPS,MONTH,YEAR,MEDIAN_SALE_PRICE_LAG_1,MEDIAN_SALE_PRICE_LAG_3,HOMES_SOLD_LAG_1,HOMES_SOLD_LAG_3,NEW_LISTINGS_LAG_1,NEW_LISTINGS_LAG_3,INVENTORY_LAG_1,INVENTORY_LAG_3,MONTHS_OF_SUPPLY_LAG_1,MONTHS_OF_SUPPLY_LAG_3,MEDIAN_DOM_LAG_1,MEDIAN_DOM_LAG_3,PRICE_DROPS_LAG_1,PRICE_DROPS_LAG_3,MEDIAN_SALE_PRICE_ROLL3,MEDIAN_SALE_PRICE_ROLL6,HOMES_SOLD_ROLL3,HOMES_SOLD_ROLL6,NEW_LISTINGS_ROLL3,NEW_LISTINGS_ROLL6,INVENTORY_ROLL3,INVENTORY_ROLL6,MONTHS_OF_SUPPLY_ROLL3,MONTHS_OF_SUPPLY_ROLL6,MEDIAN_DOM_ROLL3,MEDIAN_DOM_ROLL6,PRICE_DROPS_ROLL3,PRICE_DROPS_ROLL6,PRICE_DROPS_YOY,RISK_SCORE,RISK_LABEL
2013-02-01,139000.0,5150.0,9615.0,29834.0,5.8,74.0,0.1937386874,2,2013,141000.0,155000.0,5455.0,6629.0,9038.0,6573.0,29731.0,32660.0,5.5,4.9,75.0,68.0,0.2302647069,0.2153398653,149000.0,155150.0,6171.333333333333,6713.166666666667,6942.0,7975.833333333333,30704.333333333332,33930.666666666664,5.0,5.066666666666666,70.66666666666667,67.66666666666667,0.2017950687,0.23519696425,-11.48009672678807,0.9144402510869937,0
2013-03-01,155000.0,6877.0,10864.0,29598.0,4.3,67.0,0.2021420366,3,2013,139000.0,151000.0,5150.0,6430.0,9615.0,5215.0,29834.0,29722.0,5.8,4.6,74.0,69.0,0.1937386874,0.1597806339,143666.66666666666,149983.33333333334,5678.333333333333,6234.666666666667,7956.0,7974.0,29762.333333333332,32499.833333333332,5.3,5.233333333333333,72.66666666666667,69.16666666666667,0.19459467606666667,0.2202358193,-23.46182658080851,0.36876994611703356,0
2013-04-01,173000.0,7931.0,12783.0,30195.0,3.8,50.0,0.2232488823,4,2013,155000.0,141000.0,6877.0,5455.0,10864.0,9038.0,29598.0,29731.0,4.3,5.5,67.0,75.0,0.2021420366,0.2302647069,145000.0,149166.66666666666,5827.333333333333,6291.5,9839.0,8328.5,29721.0,31176.333333333332,5.2,5.0,72.0,69.83333333333333,0.20871514363333335,0.21157020891666667,-24.85557369304139,0.036273210576363846,1
2013-05-01,183000.0,9482.0,12670.0,30832.0,3.3,44.0,0.2290477426,5,2013,173000.0,139000.0,7931.0,5150.0,12783.0,9615.0,30195.0,29834.0,3.8,5.8,50.0,74.0,0.2232488823,0.1937386874,155666.66666666666,152333.33333333334,6652.666666666667,6412.0,11087.333333333334,9014.666666666666,29875.666666666668,30290.0,4.633333333333334,4.816666666666666,63.666666666666664,67.16666666666667,0.20637653543333334,0.20408580206666663,-16.019429508021332,-0.1928270858437441,1
2013-06-01,207000.0,9567.0,12064.0,31447.0,3.3,40.0,0.2203071835,6,2013,183000.0,155000.0,9482.0,6877.0,12670.0,10864.0,30832.0,29598.0,3.3,4.3,44.0,67.0,0.2290477426,0.2021420366,170333.33333333334,157000.0,8096.666666666667,6887.5,12105.666666666666,10030.833333333334,30208.333333333332,29985.333333333332,3.7999999999999994,4.55,53.666666666666664,63.166666666666664,0.2181462205,0.20637044828333337,-16.02756099469711,-0.31705145137590085,0
2013-07-01,202500.0,10134.0,11805.0,31890.0,3.1,38.0,0.2483223581,7,2013,207000.0,173000.0,9567.0,7931.0,12064.0,12783.0,31447.0,30195.0,3.3,3.8,40.0,50.0,0.2203071835,0.2232488823,187666.66666666666,166333.33333333334,8993.333333333334,7410.333333333333,12505.666666666666,11172.333333333334,30824.666666666668,30272.833333333332,3.4666666666666663,4.333333333333333,44.666666666666664,58.333333333333336,0.22420126946666666,0.21645820655,-19.340047457304056,-0.24598113633829563,1
2013-08-01,198000.0,9964.0,11215.0,31867.0,3.2,39.0,0.2524868987,8,2013,202500.0,183000.0,10134.0,9482.0,11805.0,12670.0,31890.0,30832.0,3.1,3.3,38.0,44.0,0.2483223581,0.2290477426,197500.0,176583.33333333334,9727.666666666666,8190.166666666667,12179.666666666666,11633.5,31389.666666666668,30632.666666666668,3.233333333333333,3.9333333333333336,40.666666666666664,52.166666666666664,0.23255909473333333,0.21946781508333332,-8.670178382652916,-0.1714889184152335,1
2013-09-01,185000.0,8300.0,10057.0,32434.0,3.9,41.0,0.2409816859,9,2013,198000.0,207000.0,9964.0,9567.0,11215.0,12064.0,31867.0,31447.0,3.2,3.3,39.0,40.0,0.2524868987,0.2203071835,202500.0,186416.66666666666,9888.333333333334,8992.5,11694.666666666666,11900.166666666666,31734.666666666668,30971.5,3.1999999999999997,3.5,39.0,46.333333333333336,0.2403721467666667,0.2292591836333333,-10.941111249208735,0.014661089749804864,1
2013-10-01,175000.0,8096.0,9315.0,32361.0,4.0,44.0,0.2521244708,10,2013,185000.0,202500.0,8300.0,10134.0,10057.0,11805.0,32434.0,31890.0,3.9,3.1,41.0,38.0,0.2409816859,0.2483223581,195166.66666666666,191416.66666666666,9466.0,9229.666666666666,11025.666666666666,11765.666666666666,32063.666666666668,31444.166666666668,3.4,3.433333333333333,39.333333333333336,42.0,0.24726364756666666,0.23573245851666666,-5.1759800204913216,0.16705601966405603,1
2013-11-01,170000.0,6639.0,6782.0,28586.0,4.3,51.0,0.2069894354,11,2013,175000.0,198000.0,8096.0,9964.0,9315.0,11215.0,32361.0,31867.0,4.0,3.2,44.0,39.0,0.2521244708,0.2524868987,186000.0,191750.0,8786.666666666666,9257.166666666666,10195.666666666666,11187.666666666666,32220.666666666668,31805.166666666668,3.7000000000000006,3.4666666666666663,41.333333333333336,41.0,0.24853101846666667,0.24054505660000003,-5.978196664806534,0.11290918054137689,0
2013-12-01,175000.0,7122.0,5625.0,26196.0,3.7,53.0,0.175790197,12,2013,170000.0,185000.0,6639.0,8300.0,6782.0,10057.0,28586.0,32434.0,4.3,3.9,51.0,41.0,0.2069894354,0.2409816859,176666.66666666666,189583.33333333334,7678.333333333333,8783.333333333334,8718.0,10206.333333333334,31127.0,31430.833333333332,4.066666666666666,3.6333333333333333,45.333333333333336,42.166666666666664,0.2333651973666667,0.23686867206666665,-3.8777909925626686,-0.2290508599148342,0
2014-01-01,164000.0,5073.0,7541.0,25917.0,5.1,60.0,0.2164216537,1,2014,175000.0,175000.0,7122.0,8096.0,5625.0,9315.0,26196.0,32361.0,3.7,4.0,53.0,44.0,0.175790197,0.2521244708,173333.33333333334,184250.0,7285.666666666667,8375.833333333334,7240.666666666667,9133.166666666666,29047.666666666668,30555.666666666668,4.0,3.6999999999999997,49.333333333333336,44.333333333333336,0.21163470106666668,0.22944917431666667,10.019714347872544,0.5820606996940273,0
2014-02-01,158000.0,4957.0,9139.0,26904.0,5.4,67.0,0.19142135,2,2014,164000.0,170000.0,5073.0,6639.0,7541.0,6782.0,25917.0,28586.0,5.1,4.3,60.0,51.0,0.2164216537,0.2069894354,169666.66666666666,177833.33333333334,6278.0,7532.333333333333,6649.333333333333,8422.5,26899.666666666668,29560.166666666668,4.366666666666666,4.033333333333333,54.666666666666664,48.0,0.19973376203333335,0.22413239025,-6.011799804827156,0.6498242772472683,0
2014-03-01,176000.0,6226.0,12024.0,28427.0,4.6,62.0,0.2270024976,3,2014,158000.0,175000.0,4957.0,7122.0,9139.0,5625.0,26904.0,26196.0,5.4,3.7,67.0,53.0,0.19142135,0.175790197,165666.66666666666,171166.66666666666,5717.333333333333,6697.833333333333,7435.0,8076.5,26339.0,28733.0,4.733333333333333,4.3999999999999995,60.0,52.666666666666664,0.19454440023333333,0.2139547988,-1.1961149479739919,0.5245192699200448,1
2014-04-01,187500.0,7364.0,14049.0,30367.0,4.1,45.0,0.2602496131,4,2014,176000.0,164000.0,6226.0,5073.0,12024.0,7541.0,28427.0,25917.0,4.6,5.1,62.0,60.0,0.2270024976,0.2164216537,166000.0,169666.66666666666,5418.666666666667,6352.166666666667,9568.0,8404.333333333334,27082.666666666668,28065.166666666668,5.033333333333333,4.516666666666667,63.0,56.166666666666664,0.21161516709999997,0.21162493408333335,12.298511194479577,0.265528621866803,1
2014-05-01,210000.0,8474.0,14008.0,31768.0,3.7,37.0,0.2840594309,5,2014,187500.0,158000.0,7364.0,4957.0,14049.0,9139.0,30367.0,26904.0,4.1,5.4,45.0,67.0,0.2602496131,0.19142135,173833.33333333334,171750.0,6182.333333333333,6230.166666666667,11737.333333333334,9193.333333333334,28566.0,27732.833333333332,4.7,4.533333333333333,58.0,56.333333333333336,0.2262244869,0.21297912446666667,16.573758586741192,0.14127993237512973,1
2014-06-01,220000.0,9675.0,13386.0,34619.0,3.6,33.0,0.2897541812,6,2014,210000.0,176000.0,8474.0,6226.0,14008.0,12024.0,31768.0,28427.0,3.7,4.6,37.0,62.0,0.2840594309,0.2270024976,191166.66666666666,178416.66666666666,7354.666666666667,6536.0,13360.333333333334,10397.666666666666,30187.333333333332,28263.166666666668,4.133333333333333,4.433333333333334,48.0,54.0,0.2571038472,0.22582412371666669,24.017564056970553,0.07300612163351067,1
2014-07-01,220000.0,9613.0,12452.0,36897.0,3.8,34.0,0.304008456,7,2014,220000.0,187500.0,9675.0,7364.0,13386.0,14049.0,34619.0,30367.0,3.6,4.1,33.0,45.0,0.2897541812,0.2602496131,205833.33333333334,185916.66666666666,8504.333333333334,6961.5,13814.333333333334,11691.166666666666,32251.333333333332,29667.0,3.8000000000000003,4.416666666666667,38.333333333333336,50.666666666666664,0.2780210750666667,0.24481812108333334,31.52280220585726,0.2400403660836743,1
2014-08-01,216500.0,9009.0,10864.0,36748.0,4.1,40.0,0.2937574834,8,2014,220000.0,210000.0,9613.0,8474.0,12452.0,14008.0,36897.0,31768.0,3.8,3.7,34.0,37.0,0.304008456,0.2840594309,216666.66666666666,195250.0,9254.0,7718.166666666667,13282.0,12509.666666666666,34428.0,31497.0,3.6999999999999997,4.2,34.666666666666664,46.333333333333336,0.2926073560333334,0.25941592146666664,22.424923122538587,0.3792815453428924,1
2014-09-01,197500.0,7922.0,10685.0,36937.0,4.7,45.0,0.3056014295,9,2014,216500.0,220000.0,9009.0,9675.0,10864.0,13386.0,36748.0,34619.0,4.1,3.6,40.0,33.0,0.2937574834,0.2897541812,218833.33333333334,205000.0,9432.333333333334,8393.5,12234.0,12797.166666666666,36088.0,33137.666666666664,3.8333333333333335,3.983333333333333,35.666666666666664,41.833333333333336,0.29584004020000004,0.2764719437,16.345634134877194,0.7288300465433992,1
2014-10-01,187000.0,7913.0,9499.0,35785.0,4.5,50.0,0.3010199804,10,2014,197500.0,220000.0,7922.0,9613.0,10685.0,12452.0,36937.0,36897.0,4.7,3.8,45.0,34.0,0.3056014295,0.304008456,211333.33333333334,208583.33333333334,8848.0,8676.166666666666,11333.666666666666,12574.0,36860.666666666664,34556.0,4.2,4.0,39.666666666666664,39.0,0.30112245630000006,0.28957176568333337,26.815209362762626,0.7273161012595432,1
2014-11-01,183000.0,6114.0,6732.0,33079.0,5.4,55.0,0.2229813477,11,2014,187000.0,216500.0,7913.0,9009.0,9499.0,10864.0,35785.0,36748.0,4.5,4.1,50.0,40.0,0.3010199804,0.2937574834,200333.33333333334,208500.0,8281.333333333334,8767.666666666666,10349.333333333334,11815.666666666666,36490.0,35459.0,4.433333333333333,4.066666666666667,45.0,39.833333333333336,0.3001262977666667,0.2963668269,19.39340098359068,0.6270037727011104,1
2014-12-01,184000.0,7027.0,5357.0,29709.0,4.2,61.0,0.187855532,12,2014,183000.0,197500.0,6114.0,7922.0,6732.0,10685.0,33079.0,36937.0,5.4,4.7,55.0,45.0,0.2229813477,0.3056014295,189166.66666666666,204000.0,7316.333333333333,8374.333333333334,8972.0,10603.0,35267.0,35677.5,4.866666666666666,4.3500000000000005,50.0,42.833333333333336,0.27653425253333336,0.2861871463666667,7.725955804988871,0.14386367103856082,0
2015-01-01,178000.0,4919.0,8421.0,29708.0,6.0,70.0,0.2146559849,1,2015,184000.0,187000.0,7027.0,7913.0,5357.0,9499.0,29709.0,35785.0,4.2,4.5,61.0,50.0,0.187855532,0.3010199804,184666.66666666666,198000.0,7018.0,7933.0,7196.0,9264.833333333334,32857.666666666664,34859.166666666664,4.699999999999999,4.45,55.333333333333336,47.5,0.23728562003333334,0.26920403816666666,6.863485681172521,1.0326890447612784,0
2015-02-01,172000.0,5034.0,9760.0,30490.0,6.1,80.0,0.188291243,2,2015,178000.0,183000.0,4919.0,6114.0,8421.0,6732.0,29708.0,33079.0,6.0,5.4,70.0,55.0,0.2146559849,0.2229813477,181666.66666666666,191000.0,6020.0,7150.666666666667,6836.666666666667,8593.0,30832.0,33661.0,5.199999999999999,4.816666666666666,62.0,53.5,0.20849762153333337,0.25431195965000003,-0.815846644646534,1.0827655091957216,0
2015-03-01,200000.0,7196.0,13877.0,32580.0,4.5,72.0,0.2335481891,3,2015,172000.0,184000.0,5034.0,7027.0,9760.0,5357.0,30490.0,29709.0,6.1,4.2,80.0,61.0,0.188291243,0.187855532,178000.0,183583.33333333334,5660.0,6488.166666666667,7846.0,8409.0,29969.0,32618.0,5.433333333333334,5.1499999999999995,70.33333333333333,60.166666666666664,0.19693425330000003,0.2367342529166667,-1.6351922081836667,0.7109568411442412,1
2015-04-01,210000.0,8018.0,14830.0,35006.0,4.4,54.0,0.258812775,4,2015,200000.0,178000.0,7196.0,4919.0,13877.0,8421.0,32580.0,29708.0,4.5,6.0,72.0,70.0,0.2335481891,0.2146559849,183333.33333333334,184000.0,5716.333333333333,6367.166666666667,10686.0,8941.0,30926.0,31891.833333333332,5.533333333333332,5.116666666666666,74.0,64.66666666666667,0.21216513900000003,0.22472537951666668,2.8835328109623415,0.5116139917084565,1
2015-05-01,223000.0,9199.0,14059.0,36322.0,3.9,42.0,0.2710203183,5,2015,210000.0,172000.0,8018.0,5034.0,14830.0,9760.0,35006.0,30490.0,4.4,6.1,54.0,80.0,0.258812775,0.188291243,194000.0,187833.33333333334,6749.333333333333,6384.666666666667,12822.333333333334,9829.5,32692.0,31762.0,5.0,5.1000000000000005,68.66666666666667,65.33333333333333,0.22688406903333336,0.21769084528333335,-0.5520999946493355,0.2143626313125164,1
2015-06-01,234000.0,11272.0,13507.0,37293.0,3.3,39.0,0.2915560561,6,2015,223000.0,200000.0,9199.0,7196.0,14059.0,13877.0,36322.0,32580.0,3.9,4.5,42.0,72.0,0.2710203183,0.2335481891,211000.0,194500.0,8137.666666666667,6898.833333333333,14255.333333333334,11050.666666666666,34636.0,32302.5,4.266666666666667,4.8500000000000005,56.0,63.166666666666664,0.2544604274666667,0.22569734038333333,-4.590276252644565,0.09651576686385087,1
2015-07-01,228000.0,10687.0,12426.0,37506.0,3.5,41.0,0.3016850637,7,2015,234000.0,210000.0,11272.0,8018.0,13507.0,14830.0,37293.0,35006.0,3.3,4.4,39.0,54.0,0.2915560561,0.258812775,222333.33333333334,202833.33333333334,9496.333333333334,7606.333333333333,14132.0,12409.0,36207.0,33566.5,3.8666666666666667,4.7,45.0,59.5,0.2737963831333334,0.2429807610666667,0.6218632954795078,0.2563982757848689,1
2015-08-01,223000.0,9464.0,11020.0,36762.0,3.9,45.0,0.289701322,8,2015,228000.0,223000.0,10687.0,9199.0,12426.0,14059.0,37506.0,36322.0,3.5,3.9,41.0,42.0,0.3016850637,0.2710203183,228333.33333333334,211166.66666666666,10386.0,8567.666666666666,13330.666666666666,13076.5,37040.333333333336,34866.166666666664,3.5666666666666664,4.283333333333334,40.666666666666664,54.666666666666664,0.28808714603333335,0.2574856075333333,-0.7642525246074117,0.38094807662738006,1
2015-09-01,210000.0,8486.0,10139.0,35966.0,4.2,47.0,0.2894400267,9,2015,223000.0,234000.0,9464.0,11272.0,11020.0,13507.0,36762.0,37293.0,3.9,3.3,45.0,39.0,0.289701322,0.2915560561,228333.33333333334,219666.66666666666,10474.333333333334,9306.0,12317.666666666666,13286.5,37187.0,35911.5,3.5666666666666664,3.9166666666666665,41.666666666666664,48.833333333333336,0.29431414726666666,0.2743872873666667,-1.3807857260531131,0.5093714635327911,1
2015-10-01,200000.0,8120.0,9222.0,34295.0,4.2,53.0,0.2794284881,10,2015,210000.0,228000.0,8486.0,10687.0,10139.0,12426.0,35966.0,37506.0,4.2,3.5,47.0,41.0,0.2894400267,0.3016850637,220333.33333333334,221333.33333333334,9545.666666666666,9521.0,11195.0,12663.5,36744.666666666664,36475.833333333336,3.8666666666666667,3.8666666666666667,44.333333333333336,44.666666666666664,0.29360880413333335,0.28370259363333333,-5.288392409172293,0.5557082002077446,1
2015-11-01,196500.0,6124.0,6621.0,30922.0,5.0,56.0,0.2119203156,11,2015,200000.0,223000.0,8120.0,9464.0,9222.0,11020.0,34295.0,36762.0,4.2,3.9,53.0,45.0,0.2794284881,0.289701322,211000.0,219666.66666666666,8690.0,9538.0,10127.0,11728.833333333334,35674.333333333336,36357.333333333336,4.1000000000000005,3.8333333333333335,48.333333333333336,44.5,0.28618994560000005,0.28713854581666665,-7.172777126391717,0.45205229999294794,0
2015-12-01,200000.0,7280.0,4954.0,26998.0,3.7,60.0,0.1650863027,12,2015,196500.0,210000.0,6124.0,8486.0,6621.0,10139.0,30922.0,35966.0,5.0,4.2,56.0,47.0,0.2119203156,0.2894400267,202166.66666666666,215250.0,7576.666666666667,9025.5,8660.666666666666,10489.166666666666,33727.666666666664,35457.333333333336,4.466666666666666,4.016666666666667,52.0,46.833333333333336,0.2602629434666667,0.27728854536666664,-4.9605189914277315,-0.1690804975527873,0
2016-01-01,190000.0,5398.0,8141.0,27037.0,5.0,68.0,0.189111218,1,2016,200000.0,200000.0,7280.0,8120.0,4954.0,9222.0,26998.0,34295.0,3.7,4.2,60.0,53.0,0.1650863027,0.2794284881,198833.33333333334,209583.33333333334,7174.666666666667,8360.166666666666,6932.333333333333,9063.666666666666,30738.333333333332,33741.5,4.3,4.083333333333333,56.333333333333336,50.333333333333336,0.21881170213333334,0.25621025313333334,-12.120606222019592,0.5278571647667791,0
2016-02-01,190000.0,5370.0,11649.0,28843.0,5.4,73.0,0.1984190271,2,2016,190000.0,196500.0,5398.0,6124.0,8141.0,6621.0,27037.0,30922.0,5.0,5.0,68.0,56.0,0.189111218,0.2119203156,195500.0,203250.0,6267.333333333333,7478.666666666667,6572.0,8349.5,28319.0,31996.666666666668,4.566666666666666,4.333333333333333,61.333333333333336,54.833333333333336,0.18870594543333333,0.23744794551666668,-11.900328291289131,0.799147266940811,0
2016-03-01,210000.0,7315.0,14096.0,30454.0,4.2,65.0,0.2349116701,3,2016,190000.0,200000.0,5370.0,7280.0,11649.0,4954.0,28843.0,26998.0,5.4,3.7,73.0,60.0,0.1984190271,0.1650863027,193333.33333333334,197750.0,6016.0,6796.333333333333,8248.0,8454.333333333334,27626.0,30676.833333333332,4.7,4.583333333333333,67.0,59.5,0.18420551593333334,0.22223422969999998,5.378786574795735,0.5000786223240472,1
2016-04-01,230500.0,8845.0,14276.0,32027.0,3.6,42.0,0.2478845974,4,2016,210000.0,190000.0,7315.0,5398.0,14096.0,8141.0,30454.0,27037.0,4.2,5.0,65.0,68.0,0.2349116701,0.189111218,196666.66666666666,197750.0,6027.666666666667,6601.166666666667,11295.333333333334,9113.833333333334,28778.0,29758.166666666668,4.866666666666666,4.583333333333333,68.66666666666667,62.5,0.2074806384,0.21314617026666668,0.5838114203558176,-0.02007212397629582,1
2016-05-01,235000.0,10053.0,13901.0,33142.0,3.3,37.0,0.2639852755,5,2016,230500.0,190000.0,8845.0,5370.0,14276.0,11649.0,32027.0,28843.0,3.6,5.4,42.0,73.0,0.2478845974,0.1984190271,210166.66666666666,202833.33333333334,7176.666666666667,6722.0,13340.333333333334,9956.166666666666,30441.333333333332,29380.166666666668,4.3999999999999995,4.483333333333333,60.0,60.666666666666664,0.2270717648666667,0.20788885515,-4.222425882957282,-0.10606924624521258,1
2016-06-01,246000.0,11618.0,13482.0,33786.0,2.9,34.0,0.2929615817,6,2016,235000.0,210000.0,10053.0,7315.0,13901.0,14096.0,33142.0,30454.0,3.3,4.2,37.0,65.0,0.2639852755,0.2349116701,225166.66666666666,209250.0,8737.666666666666,7376.833333333333,14091.0,11169.5,31874.333333333332,29750.166666666668,3.6999999999999997,4.2,48.0,57.5,0.248927181,0.21656634846666667,-2.595762134783086,-0.10990795830921056,1
2016-07-01,241000.0,9985.0,11718.0,33984.0,3.4,36.0,0.2751883239,7,2016,246000.0,230500.0,11618.0,8845.0,13482.0,14276.0,33786.0,32027.0,2.9,3.6,34.0,42.0,0.2929615817,0.2478845974,237166.66666666666,216916.66666666666,10172.0,8099.833333333333,13886.333333333334,12590.833333333334,32985.0,30881.5,3.266666666666666,4.066666666666666,37.666666666666664,53.166666666666664,0.2682771515333333,0.23787889496666667,0.4820773126104738,-0.024612054246577975,1
2016-08-01,235000.0,10301.0,10963.0,33290.0,3.2,39.0,0.2916791829,8,2016,241000.0,235000.0,9985.0,10053.0,11718.0,13901.0,33984.0,33142.0,3.4,3.3,36.0,37.0,0.2751883239,0.2639852755,240666.66666666666,225416.66666666666,10552.0,8864.333333333334,13033.666666666666,13187.0,33637.333333333336,32039.333333333332,3.1999999999999997,3.8000000000000003,35.666666666666664,47.833333333333336,0.2773783937,0.2522250792833333,-8.782914034600253,0.06580988290443233,1
2016-09-01,219950.0,8622.0,10164.0,33023.0,3.8,42.0,0.2861944705,9,2016,235000.0,246000.0,10301.0,11618.0,10963.0,13482.0,33290.0,33786.0,3.2,2.9,39.0,34.0,0.2916791829,0.2929615817,240666.66666666666,232916.66666666666,10634.666666666666,9686.166666666666,12054.333333333334,13072.666666666666,33686.666666666664,32780.5,3.166666666666666,3.4333333333333336,36.333333333333336,42.166666666666664,0.28660969616666665,0.2677684385833333,0.6827241540858564,0.27478668170001824,1
2016-10-01,219500.0,7710.0,8571.0,31158.0,4.0,47.0,0.2685666602,10,2016,219950.0,241000.0,8622.0,9985.0,10164.0,11718.0,33023.0,33984.0,3.8,3.4,42.0,36.0,0.2861944705,0.2751883239,231983.33333333334,234575.0,9636.0,9904.0,10948.333333333334,12417.333333333334,33432.333333333336,33208.666666666664,3.4666666666666663,3.3666666666666667,39.0,38.333333333333336,0.28435399243333337,0.2763155719833333,-1.1213225195573773,0.3200860430224896,1
2016-11-01,215000.0,7112.0,6552.0,28099.0,4.0,50.0,0.2210754831,11,2016,219500.0,235000.0,7710.0,10301.0,8571.0,10963.0,31158.0,33290.0,4.0,3.2,47.0,39.0,0.2685666602,0.2916791829,224816.66666666666,232741.66666666666,8877.666666666666,9714.833333333334,9899.333333333334,11466.5,32490.333333333332,33063.833333333336,3.666666666666666,3.4333333333333336,42.666666666666664,39.166666666666664,0.28214677120000003,0.27976258245,-3.88715838311835,0.08601662718108005,1
2016-12-01,215000.0,7058.0,4594.0,24083.0,3.4,55.0,0.1516007142,12,2016,215000.0,219950.0,7112.0,8622.0,6552.0,10164.0,28099.0,33023.0,4.0,3.8,50.0,42.0,0.2210754831,0.2861944705,218150.0,229408.33333333334,7814.666666666667,9224.666666666666,8429.0,10241.666666666666,30760.0,32223.333333333332,3.933333333333333,3.5500000000000003,46.333333333333336,41.333333333333336,0.2586122046,0.27261095038333333,4.320099030656599,-0.434214553098588,0
2017-01-01,208000.0,5499.0,8472.0,25998.0,4.7,63.0,0.1786291253,1,2017,215000.0,219500.0,7058.0,7710.0,4594.0,8571.0,24083.0,31158.0,3.4,4.0,55.0,47.0,0.1516007142,0.2685666602,216500.0,224241.66666666666,7293.333333333333,8464.666666666666,6572.333333333333,8760.333333333334,27780.0,30606.166666666668,3.7999999999999994,3.6333333333333333,50.666666666666664,44.833333333333336,0.21374761916666665,0.24905080579999997,-8.168811269888598,0.2809084731939376,0
2017-02-01,209000.0,5245.0,11269.0,30154.0,5.7,71.0,0.1679379187,2,2017,208000.0,215000.0,5499.0,7112.0,8472.0,6552.0,25998.0,28099.0,4.7,4.0,63.0,50.0,0.1786291253,0.2210754831,212666.66666666666,218741.66666666666,6556.333333333333,7717.0,6539.333333333333,8219.333333333334,26060.0,29275.166666666668,4.033333333333332,3.8499999999999996,56.0,49.333333333333336,0.18376844086666666,0.23295760603333335,-5.542819093894257,0.6732951486195674,0
2017-03-01,234900.0,8430.0,14274.0,33108.0,3.9,64.0,0.1979884016,3,2017,209000.0,215000.0,5245.0,7058.0,11269.0,4594.0,30154.0,24083.0,5.7,3.4,71.0,55.0,0.1679379187,0.1516007142,210666.66666666666,214408.33333333334,5934.0,6874.333333333333,8111.666666666667,8270.333333333334,26745.0,28752.5,4.599999999999999,4.266666666666667,63.0,54.666666666666664,0.1660559194,0.21233406200000002,-15.36198863863899,0.16433829860603755,0
2017-04-01,246050.0,8785.0,13142.0,35046.0,4.0,57.0,0.1926896079,4,2017,234900.0,208000.0,8430.0,5499.0,14274.0,8472.0,33108.0,25998.0,3.9,4.7,64.0,63.0,0.1979884016,0.1786291253,217300.0,216900.0,6391.333333333333,6842.333333333333,11338.333333333334,8955.333333333334,29753.333333333332,28766.666666666668,4.766666666666667,4.283333333333333,66.0,58.333333333333336,0.18151848186666666,0.19763305051666666,-15.717937080044619,0.03892732312727609,0
2017-05-01,250000.0,10759.0,14016.0,36111.0,3.4,54.0,0.2169698984,5,2017,246050.0,209000.0,8785.0,5245.0,13142.0,11269.0,35046.0,30154.0,4.0,5.7,57.0,71.0,0.1926896079,0.1679379187,229983.33333333334,221325.0,7486.666666666667,7021.5,12895.0,9717.166666666666,32769.333333333336,29414.666666666668,4.533333333333332,4.283333333333333,64.0,60.0,0.18620530940000002,0.18498687513333334,-22.26640544790863,-0.056247275967988196,0
2017-06-01,254000.0,12054.0,13571.0,36317.0,3.0,55.0,0.2365558829,6,2017,250000.0,234900.0,10759.0,8430.0,14016.0,14274.0,36111.0,33108.0,3.4,3.9,54.0,64.0,0.2169698984,0.1979884016,243650.0,227158.33333333334,9324.666666666666,7629.333333333333,13810.666666666666,10961.166666666666,34755.0,30750.0,3.7666666666666657,4.183333333333333,58.333333333333336,60.666666666666664,0.20254930263333337,0.18430261101666667,-17.809848299663976,-0.04563925778013637,1
2017-07-01,250000.0,9711.0,11492.0,36439.0,3.8,56.0,0.2413348336,7,2017,254000.0,246050.0,12054.0,8785.0,13571.0,13142.0,36317.0,35046.0,3.0,4.0,55.0,57.0,0.2365558829,0.1926896079,250016.66666666666,233658.33333333334,10532.666666666666,8462.0,13576.333333333334,12457.333333333334,35824.666666666664,32789.0,3.4666666666666655,4.116666666666666,55.333333333333336,60.666666666666664,0.21540512973333334,0.19846180579999997,-19.253616283981167,0.25273273568939014,1
2017-08-01,240000.0,10118.0,11184.0,35549.0,3.5,57.0,0.2575599876,8,2017,250000.0,250000.0,9711.0,10759.0,11492.0,14016.0,36439.0,36111.0,3.8,3.4,56.0,54.0,0.2413348336,0.2169698984,251333.33333333334,240658.33333333334,10841.333333333334,9164.0,13026.333333333334,12960.666666666666,36289.0,34529.166666666664,3.399999999999999,3.966666666666667,55.0,59.5,0.2316202049666667,0.20891275718333333,-12.301935569149336,0.2744432076533735,1
2017-09-01,234000.0,8264.0,10148.0,35258.0,4.3,61.0,0.2504396165,9,2017,240000.0,254000.0,10118.0,12054.0,11184.0,13571.0,35549.0,36317.0,3.5,3.0,57.0,55.0,0.2575599876,0.2365558829,248000.0,245825.0,10627.666666666666,9976.166666666666,12082.333333333334,12946.5,36101.666666666664,35428.333333333336,3.4333333333333322,3.6,56.0,57.166666666666664,0.2451502347,0.22384976866666664,-11.697507844328236,0.5542449523199097,1
2017-10-01,225000.0,7913.0,8930.0,33085.0,4.2,64.0,0.2489345625,10,2017,234000.0,250000.0,8264.0,9711.0,10148.0,11492.0,35258.0,36439.0,4.3,3.8,61.0,56.0,0.2504396165,0.2413348336,241333.33333333334,245675.0,9364.333333333334,9948.5,10941.333333333334,12258.833333333334,35748.666666666664,35786.666666666664,3.866666666666666,3.6666666666666665,58.0,56.666666666666664,0.24977814590000003,0.23259163781666667,-12.493202240257817,0.5671578319418638,1
2017-11-01,225000.0,7130.0,6618.0,28509.0,4.0,67.0,0.1925006138,11,2017,225000.0,240000.0,7913.0,10118.0,8930.0,11184.0,33085.0,35549.0,4.2,3.5,64.0,57.0,0.2489345625,0.2575599876,233000.0,242166.66666666666,8765.0,9803.166666666666,10087.333333333334,11556.833333333334,34630.666666666664,35459.833333333336,3.9999999999999996,3.6999999999999997,60.666666666666664,57.833333333333336,0.2523113888666667,0.24196579691666667,-7.30995339681405,0.2160395576224449,0
2017-12-01,227000.0,7094.0,4525.0,22298.0,3.1,71.0,0.1355726971,12,2017,225000.0,234000.0,7130.0,8264.0,6618.0,10148.0,28509.0,35258.0,4.0,4.3,67.0,61.0,0.1925006138,0.2504396165,228000.0,238000.0,7769.0,9198.333333333334,8565.333333333334,10323.833333333334,32284.0,34192.833333333336,4.166666666666666,3.8000000000000003,64.0,60.0,0.2306249309333334,0.23788758281666667,-12.925390413859061,-0.3404035932089941,0
2018-01-01,225000.0,5179.0,8202.0,23933.0,4.6,58.0,0.169013496,1,2018,227000.0,225000.0,7094.0,7913.0,4525.0,8930.0,22298.0,33085.0,3.1,4.2,71.0,64.0,0.1355726971,0.2489345625,225666.66666666666,233500.0,7379.0,8371.666666666666,6691.0,8816.166666666666,27964.0,31856.333333333332,3.766666666666666,3.816666666666667,67.33333333333333,62.666666666666664,0.19233595780000004,0.22105705185000002,-10.572520838427547,0.10210875344875785,0
2018-02-01,230000.0,5085.0,10345.0,26834.0,5.3,74.0,0.1539464858,2,2018,225000.0,225000.0,5179.0,7130.0,8202.0,6618.0,23933.0,28509.0,4.6,4.0,58.0,67.0,0.169013496,0.1925006138,225666.66666666666,229333.33333333334,6467.666666666667,7616.333333333333,6448.333333333333,8267.833333333334,24913.333333333332,29772.0,3.899999999999999,3.9499999999999997,65.33333333333333,63.0,0.16569560230000005,0.20900349558333334,-5.383013147408599,0.5162521912660024,0
2018-03-01,245000.0,7786.0,13680.0,28092.0,3.6,66.0,0.2058949167,3,2018,230000.0,227000.0,5085.0,7094.0,10345.0,4525.0,26834.0,22298.0,5.3,3.1,74.0,71.0,0.1539464858,0.1355726971,227333.33333333334,227666.66666666666,5786.0,6777.5,7690.666666666667,8128.0,24355.0,28319.5,4.333333333333332,4.25,67.66666666666667,65.83333333333333,0.15284422630000005,0.19173457861666668,-8.331312551868608,0.15350729065088614,0
2018-04-01,252000.0,9100.0,14345.0,30927.0,3.4,48.0,0.2147637986,4,2018,245000.0,225000.0,7786.0,5179.0,13680.0,8202.0,28092.0,23933.0,3.6,4.6,66.0,58.0,0.2058949167,0.169013496,233333.33333333334,229500.0,6016.666666666667,6697.833333333333,10742.333333333334,8716.666666666666,26286.333333333332,27125.166666666668,4.499999999999999,4.133333333333333,66.0,66.66666666666667,0.1762849661666667,0.18431046198333334,3.993423370311211,-0.176558546316004,0
2018-05-01,255000.0,10580.0,14523.0,33788.0,3.2,47.0,0.2394933112,5,2018,252000.0,230000.0,9100.0,5085.0,14345.0,10345.0,30927.0,26834.0,3.4,5.3,48.0,74.0,0.2147637986,0.1539464858,242333.33333333334,234000.0,7323.666666666667,6895.666666666667,12790.0,9619.166666666666,28617.666666666668,26765.5,4.099999999999999,4.0,62.666666666666664,64.0,0.19153506703333337,0.17861533466666668,11.455828334787954,-0.10755638182114657,1
2018-06-01,265000.0,11370.0,13179.0,34881.0,3.1,52.0,0.2483873742,6,2018,255000.0,245000.0,10580.0,7786.0,14523.0,13680.0,33788.0,28092.0,3.2,3.6,47.0,66.0,0.2394933112,0.2058949167,250666.66666666666,239000.0,9155.333333333334,7470.666666666667,14182.666666666666,10936.666666666666,30935.666666666668,27645.333333333332,3.4,3.8666666666666667,53.666666666666664,60.666666666666664,0.22005067550000001,0.1864474509,10.380892910073825,0.00397167929325537,1
2018-07-01,255000.0,9806.0,12218.0,35557.0,3.6,55.0,0.2570239334,7,2018,265000.0,252000.0,11370.0,9100.0,13179.0,14345.0,34881.0,30927.0,3.1,3.4,52.0,48.0,0.2483873742,0.2147637986,257333.33333333334,245333.33333333334,10350.0,8183.333333333333,14015.666666666666,12379.0,33198.666666666664,29742.5,3.233333333333333,3.8666666666666667,49.0,57.5,0.23421482800000004,0.20524989708333333,5.001562909767743,0.2669976179700367,1
2018-08-01,244750.0,9958.0,11224.0,34830.0,3.5,56.0,0.2678438128,8,2018,255000.0,255000.0,9806.0,10580.0,12218.0,14523.0,35557.0,33788.0,3.6,3.2,55.0,47.0,0.2570239334,0.2394933112,258333.33333333334,250333.33333333334,10585.333333333334,8954.5,13306.666666666666,13048.333333333334,34742.0,31679.833333333332,3.2999999999999994,3.6999999999999997,51.333333333333336,57.0,0.24830153960000004,0.21991830331666665,6.500967790668755,0.3188833651535368,1
2018-09-01,240000.0,7461.0,10070.0,34831.0,4.7,60.0,0.2635009044,9,2018,244750.0,265000.0,9958.0,11370.0,11224.0,13179.0,34830.0,34881.0,3.5,3.1,56.0,52.0,0.2678438128,0.2483873742,254916.66666666666,252791.66666666666,10378.0,9766.666666666666,12207.0,13194.833333333334,35089.333333333336,33012.5,3.4,3.4,54.333333333333336,54.0,0.2577517068000001,0.23890119115,3.9927883580935797,0.7413074390544684,1
2018-10-01,232000.0,7869.0,9344.0,33223.0,4.2,65.0,0.278210878,10,2018,240000.0,255000.0,7461.0,9806.0,10070.0,12218.0,34831.0,35557.0,4.7,3.6,60.0,55.0,0.2635009044,0.2570239334,246583.33333333334,251958.33333333334,9075.0,9712.5,11170.666666666666,12593.166666666666,35072.666666666664,34135.666666666664,3.933333333333333,3.5833333333333335,57.0,53.0,0.2627895502000001,0.2485021891,5.2153441546257895,0.7622437485087826,1
2018-11-01,235000.0,7030.0,6218.0,29626.0,4.2,69.0,0.2048538446,11,2018,232000.0,244750.0,7869.0,9958.0,9344.0,11224.0,33223.0,34830.0,4.2,3.5,65.0,56.0,0.278210878,0.2678438128,238916.66666666666,248625.0,8429.333333333334,9507.333333333334,10212.666666666666,11759.666666666666,34294.666666666664,34518.333333333336,4.133333333333333,3.716666666666667,60.333333333333336,55.833333333333336,0.26985186506666675,0.25907670233333335,11.760647137940117,0.3893891432908652,0
2018-12-01,228100.0,6036.0,4122.0,25520.0,4.2,76.0,0.1327586207,12,2018,235000.0,240000.0,7030.0,7461.0,6218.0,10070.0,29626.0,34831.0,4.2,4.7,69.0,60.0,0.2048538446,0.2635009044,235666.66666666666,245291.66666666666,7453.333333333333,8915.666666666666,8544.0,10375.5,32560.0,33824.666666666664,4.366666666666666,3.8833333333333333,64.66666666666667,59.5,0.24885520900000002,0.25330345790000003,6.41724229141134,0.07765142017468625,0
2019-01-01,225000.0,4609.0,7706.0,26055.0,5.7,86.0,0.1628478219,1,2019,228100.0,232000.0,6036.0,7869.0,4122.0,9344.0,25520.0,33223.0,4.2,4.2,76.0,65.0,0.1327586207,0.278210878,231700.0,239141.66666666666,6978.333333333333,8026.666666666667,6561.333333333333,8866.0,29456.333333333332,32264.5,4.2,4.066666666666666,70.0,63.5,0.2052744477666667,0.23403199898333335,-2.075695519964693,0.9098607883759309,0
2019-02-01,232500.0,4913.0,10198.0,28824.0,5.9,92.0,0.1557382737,2,2019,225000.0,235000.0,4609.0,7030.0,7706.0,6218.0,26055.0,29626.0,5.7,4.2,86.0,69.0,0.1628478219,0.2048538446,229366.66666666666,234141.66666666666,5891.666666666667,7160.5,6015.333333333333,8114.0,27067.0,30680.833333333332,4.7,4.416666666666667,77.0,68.66666666666667,0.16682009573333337,0.21833598040000002,-3.6480365449632624,1.036671068589879,0
2019-03-01,242749.5,6945.0,13421.0,32335.0,4.7,75.0,0.1932271532,3,2019,232500.0,228100.0,4913.0,6036.0,10198.0,4122.0,28824.0,25520.0,5.9,4.2,92.0,76.0,0.1557382737,0.1327586207,228533.33333333334,232100.0,5186.0,6319.666666666667,7342.0,7943.0,26799.666666666668,29679.833333333332,5.266666666666667,4.816666666666667,84.66666666666667,74.66666666666667,0.15044823876666671,0.19965172388333333,1.1639030866400057,0.583203480687348,0
2019-04-01,255000.0,8572.0,14556.0,35227.0,4.1,58.0,0.2187810486,4,2019,242749.5,225000.0,6945.0,4609.0,13421.0,7706.0,32335.0,26055.0,4.7,5.7,75.0,86.0,0.1932271532,0.1628478219,233416.5,232558.25,5489.0,6233.666666666667,10441.666666666666,8501.5,29071.333333333332,29263.833333333332,5.433333333333333,4.816666666666667,84.33333333333333,77.16666666666667,0.1706044162666667,0.18793943201666666,-6.15253824768176,0.2461810581855414,0
2019-05-01,262000.0,10346.0,14259.0,36852.0,3.6,56.0,0.2514924563,5,2019,255000.0,232500.0,8572.0,4913.0,14556.0,10198.0,35227.0,28824.0,4.1,5.9,58.0,92.0,0.2187810486,0.1557382737,243416.5,236391.58333333334,6810.0,6350.833333333333,12725.0,9370.166666666666,32128.666666666668,29597.833333333332,4.8999999999999995,4.8,75.0,76.0,0.18924882516666672,0.17803446045000001,1.8705433719218956,0.2513316574987823,1
2019-06-01,265000.0,10110.0,12746.0,38642.0,3.8,56.0,0.2468298742,6,2019,262000.0,242749.5,10346.0,6945.0,14259.0,13421.0,36852.0,32335.0,3.6,4.7,56.0,75.0,0.2514924563,0.1932271532,253249.83333333334,240891.58333333334,8621.0,6903.5,14078.666666666666,10710.333333333334,34804.666666666664,30802.166666666668,4.133333333333333,4.7,63.0,73.83333333333333,0.22116688603333334,0.1858075624,5.010221387761238,0.286003737219403,1
2019-07-01,261000.0,9938.0,11764.0,39101.0,3.9,59.0,0.2584844377,7,2019,265000.0,255000.0,10110.0,8572.0,12746.0,14556.0,38642.0,35227.0,3.8,4.1,56.0,58.0,0.2468298742,0.2187810486,260666.66666666666,247041.58333333334,9676.0,7582.5,13853.666666666666,12147.666666666666,36907.0,32989.166666666664,3.8333333333333326,4.633333333333334,56.666666666666664,70.5,0.23903445970000003,0.20481943798333332,-0.6270447541934732,0.44149734971365695,1
2019-08-01,253500.0,9382.0,10825.0,38212.0,4.1,65.0,0.258950068,8,2019,261000.0,262000.0,9938.0,10346.0,11764.0,14259.0,39101.0,36852.0,3.9,3.6,59.0,56.0,0.2584844377,0.2514924563,262666.6666666667,253041.58333333334,10131.333333333334,8470.666666666666,12923.0,12824.0,38198.333333333336,35163.5,3.7666666666666657,4.333333333333333,57.0,66.0,0.25226892273333335,0.22075887395000002,0.568236693244839,0.6141733102400704,1
2019-09-01,242500.0,7589.0,10058.0,37557.0,4.9,71.0,0.2589663711,9,2019,253500.0,265000.0,9382.0,10110.0,10825.0,12746.0,38212.0,38642.0,4.1,3.8,65.0,56.0,0.258950068,0.2468298742,259833.33333333334,256541.58333333334,9810.0,9215.5,11778.333333333334,12928.5,38651.666666666664,36728.166666666664,3.9333333333333322,4.033333333333333,60.0,61.5,0.2547547933,0.23796083966666667,-3.320496638330428,0.9728370175801837,1
2019-10-01,240000.0,7747.0,9064.0,35508.0,4.6,76.0,0.2617156697,10,2019,242500.0,261000.0,7589.0,9938.0,10058.0,11764.0,37557.0,39101.0,4.9,3.9,71.0,59.0,0.2589663711,0.2584844377,252333.33333333334,256500.0,8969.666666666666,9322.833333333334,10882.333333333334,12368.0,38290.0,37598.5,4.3,4.066666666666666,65.0,60.833333333333336,0.2588002922666667,0.24891737598333333,-1.7208795963434387,0.9842574056615369,1
2019-11-01,241500.0,6518.0,5805.0,31601.0,4.8,79.0,0.1808487073,11,2019,240000.0,253500.0,7747.0,9382.0,9064.0,10825.0,35508.0,38212.0,4.6,4.1,76.0,65.0,0.2617156697,0.258950068,245333.33333333334,254000.0,8239.333333333334,9185.333333333334,9982.333333333334,11452.666666666666,37092.333333333336,37645.333333333336,4.533333333333332,4.1499999999999995,70.66666666666667,63.833333333333336,0.2598773696,0.25607314616666665,-5.929030675788316,0.611009301704971,0
2019-12-01,240000.0,6882.0,4419.0,26620.0,3.9,84.0,0.132081142,12,2019,241500.0,242500.0,6518.0,7589.0,5805.0,10058.0,31601.0,37557.0,4.8,4.9,79.0,71.0,0.1808487073,0.2589663711,241333.33333333334,250583.33333333334,7284.666666666667,8547.333333333334,8309.0,10043.666666666666,34888.666666666664,36770.166666666664,4.766666666666666,4.3500000000000005,75.33333333333333,67.66666666666667,0.23384358270000002,0.24429918799999997,-11.718177585035184,0.12180055095141988,0
2020-01-01,234000.0,5107.0,8316.0,27447.0,5.4,96.0,0.1606368638,1,2020,240000.0,240000.0,6882.0,7747.0,4419.0,9064.0,26620.0,35508.0,3.9,4.6,84.0,76.0,0.132081142,0.2617156697,240500.0,246416.66666666666,7049.0,8009.333333333333,6429.333333333333,8655.833333333334,31243.0,34766.5,4.433333333333333,4.366666666666666,79.66666666666667,72.33333333333333,0.1915485063333334,0.22517439930000002,-0.5103086311290528,0.9803764200654959,0
2020-02-01,242000.0,5257.0,11046.0,30507.0,5.8,102.0,0.1552102796,2,2020,234000.0,241500.0,5107.0,6518.0,8316.0,5805.0,27447.0,31601.0,5.4,4.8,96.0,79.0,0.1606368638,0.1808487073,238500.0,241916.66666666666,6169.0,7204.166666666667,6180.0,8081.166666666667,28556.0,32824.166666666664,4.7,4.616666666666666,86.33333333333333,78.5,0.15785557103333336,0.2088664703166667,-1.3576835564664047,1.1802793649183754,0
2020-03-01,265000.0,7199.0,11003.0,26927.0,3.7,77.0,0.1903294091,3,2020,242000.0,240000.0,5257.0,6882.0,11046.0,4419.0,30507.0,26620.0,5.8,3.9,102.0,84.0,0.1552102796,0.132081142,238666.66666666666,240000.0,5748.666666666667,6516.666666666667,7927.0,8118.0,28191.333333333332,31540.0,5.033333333333332,4.8999999999999995,94.0,84.66666666666667,0.1493094284666667,0.1915765055833333,-0.33902655234068213,0.28679588551946333,0
2020-04-01,275000.0,7217.0,6899.0,23190.0,3.2,60.0,0.1664079345,4,2020,265000.0,234000.0,7199.0,5107.0,11003.0,8316.0,26927.0,27447.0,3.7,5.4,77.0,96.0,0.1903294091,0.1606368638,247000.0,243750.0,5854.333333333333,6451.666666666667,10121.666666666666,8275.5,28293.666666666668,29768.333333333332,4.966666666666666,4.7,91.66666666666667,85.66666666666667,0.16872551750000006,0.18013701191666667,-1.4996567780516168,-0.3183352894455865,0
2020-05-01,265000.0,6342.0,10207.0,22440.0,3.5,37.0,0.2221479501,5,2020,275000.0,242000.0,7217.0,5257.0,6899.0,11046.0,23190.0,30507.0,3.2,5.8,60.0,102.0,0.1664079345,0.1552102796,260666.66666666666,249583.33333333334,6557.666666666667,6363.333333333333,9649.333333333334,7914.666666666667,26874.666666666668,27715.333333333332,4.233333333333333,4.466666666666667,79.66666666666667,83.0,0.1706492077333334,0.16425238938333334,-23.938597257459172,-0.2964802971591743,1
2020-06-01,269000.0,8084.0,12941.0,22255.0,2.8,33.0,0.2786340148,6,2020,265000.0,265000.0,6342.0,7199.0,10207.0,11003.0,22440.0,26927.0,3.5,3.7,37.0,77.0,0.2221479501,0.1903294091,268333.3333333333,253500.0,6919.333333333333,6334.0,9369.666666666666,8648.333333333334,24185.666666666668,26188.5,3.4666666666666663,4.25,58.0,76.0,0.19296176456666672,0.17113559651666668,-11.668145689823628,-0.24593458301661186,1
2020-07-01,280000.0,10858.0,13649.0,22705.0,2.1,25.0,0.2968949571,7,2020,269000.0,275000.0,8084.0,7217.0,12941.0,6899.0,22255.0,23190.0,2.8,3.2,33.0,60.0,0.2786340148,0.1664079345,269666.6666666667,258333.33333333334,7214.333333333333,6534.333333333333,10015.666666666666,10068.666666666666,22628.333333333332,25461.0,3.166666666666666,4.066666666666666,43.333333333333336,67.5,0.22239663313333335,0.19556107531666667,12.885045095566472,-0.49813438139574057,1
2020-08-01,285000.0,11029.0,12886.0,22656.0,2.1,22.0,0.2916225282,8,2020,280000.0,265000.0,10858.0,6342.0,13649.0,10207.0,22705.0,22440.0,2.1,3.5,25.0,37.0,0.2968949571,0.2221479501,271333.3333333333,266000.0,8428.0,7492.833333333333,12265.666666666666,10957.5,22466.666666666668,24670.666666666668,2.7999999999999994,3.516666666666667,31.666666666666668,55.666666666666664,0.26589230733333336,0.21827075753333333,14.859896302376118,-0.5835344915765762,1
2020-09-01,276000.0,10300.0,12132.0,22818.0,2.2,22.0,0.2945919888,9,2020,285000.0,269000.0,11029.0,8084.0,12886.0,12941.0,22656.0,22255.0,2.1,2.8,22.0,33.0,0.2916225282,0.2786340148,278000.0,273166.6666666667,9990.333333333334,8454.833333333334,13158.666666666666,11264.166666666666,22538.666666666668,23362.166666666668,2.3333333333333326,2.9000000000000004,26.666666666666668,42.333333333333336,0.2890505000333334,0.2410061323,12.617281954141069,-0.5341038178281436,1
2020-10-01,275000.0,10385.0,10651.0,22164.0,2.1,20.0,0.2869066955,10,2020,276000.0,280000.0,10300.0,10858.0,12132.0,13649.0,22818.0,22705.0,2.2,2.1,22.0,25.0,0.2945919888,0.2968949571,280333.3333333333,275000.0,10729.0,8971.666666666666,12889.0,11452.333333333334,22726.333333333332,22677.333333333332,2.133333333333333,2.65,23.0,33.166666666666664,0.2943698247,0.2583832289166667,13.756850956622134,-0.6477389062694491,1
2020-11-01,270000.0,8336.0,7091.0,19491.0,2.3,21.0,0.2219998974,11,2020,275000.0,285000.0,10385.0,11029.0,10651.0,12886.0,22164.0,22656.0,2.1,2.1,20.0,22.0,0.2869066955,0.2916225282,278666.6666666667,275000.0,10571.333333333334,9499.666666666666,11889.666666666666,12077.666666666666,22546.0,22506.333333333332,2.133333333333333,2.4666666666666663,21.333333333333332,26.5,0.2910404041666667,0.27846635575,9.625341053852843,-0.9600037915788282,1
2020-12-01,268500.0,9116.0,5341.0,16559.0,1.8,25.0,0.1587052358,12,2020,270000.0,276000.0,8336.0,10300.0,7091.0,12132.0,19491.0,22818.0,2.3,2.2,21.0,22.0,0.2219998974,0.2945919888,273666.6666666667,275833.3333333333,9673.666666666666,9832.0,9958.0,11558.333333333334,21491.0,22014.833333333332,2.1999999999999993,2.266666666666667,21.0,23.833333333333332,0.2678328605666667,0.2784416803,22.75448396307116,-1.4291903451506915,0
2021-01-01,270000.0,6155.0,8206.0,15551.0,2.5,33.0,0.1779306797,1,2021,268500.0,275000.0,9116.0,10385.0,5341.0,10651.0,16559.0,22164.0,1.8,2.1,25.0,20.0,0.1587052358,0.2869066955,271166.6666666667,275750.0,9279.0,10004.0,7694.333333333333,10291.666666666666,19404.666666666668,21065.5,2.066666666666666,2.1,22.0,22.5,0.22253727623333333,0.2584535504666667,20.15737704630083,-0.9500205017067724,0
2021-02-01,274000.0,6070.0,8869.0,14955.0,2.5,38.0,0.1473754597,2,2021,270000.0,270000.0,6155.0,8336.0,8206.0,7091.0,15551.0,19491.0,2.5,2.3,33.0,21.0,0.1779306797,0.2219998974,269500.0,274083.3333333333,7869.0,9220.166666666666,6879.333333333333,9384.5,17200.333333333332,19873.166666666668,2.1999999999999993,2.1666666666666665,26.333333333333332,23.833333333333332,0.1862119376333334,0.23862617090000002,10.765782828984749,-1.0458959171169717,0
2021-03-01,300000.0,9306.0,13639.0,15829.0,1.7,27.0,0.1846610651,3,2021,274000.0,268500.0,6070.0,9116.0,8869.0,5341.0,14955.0,16559.0,2.5,1.8,38.0,25.0,0.1473754597,0.1587052358,270833.3333333333,272250.0,7113.666666666667,8393.666666666666,7472.0,8715.0,15688.333333333334,18589.666666666668,2.266666666666666,2.233333333333333,32.0,26.5,0.1613371250666667,0.21458499281666668,-5.047874354837523,-1.2678348141568792,0
2021-04-01,311600.0,10489.0,14815.0,17612.0,1.7,15.0,0.1830570066,4,2021,300000.0,270000.0,9306.0,6155.0,13639.0,8206.0,15829.0,15551.0,1.7,2.5,27.0,33.0,0.1846610651,0.1779306797,281333.3333333333,276250.0,7177.0,8228.0,10238.0,8966.166666666666,15445.0,17424.833333333332,2.233333333333333,2.15,32.666666666666664,27.333333333333332,0.1699890681666667,0.1962631722,-2.9781755887351324,-1.4914548113531243,0
2021-05-01,315000.0,10902.0,14080.0,18366.0,1.7,11.0,0.196341065,5,2021,311600.0,274000.0,10489.0,6070.0,14815.0,8869.0,17612.0,14955.0,1.7,2.5,15.0,38.0,0.1830570066,0.1473754597,295200.0,282350.0,8621.666666666666,8245.333333333334,12441.0,9660.166666666666,16132.0,16666.166666666668,1.9666666666666661,2.0833333333333335,26.666666666666668,26.5,0.1716978438,0.17895489071666668,10.004974913020149,-1.48232600702145,0
2021-06-01,320000.0,13016.0,15118.0,20192.0,1.6,9.0,0.2420760697,6,2021,315000.0,300000.0,10902.0,9306.0,14080.0,13639.0,18366.0,15829.0,1.7,1.7,11.0,27.0,0.196341065,0.1846610651,308866.6666666667,289850.0,10232.333333333334,8673.0,14178.0,10825.0,17269.0,16478.666666666668,1.7,1.9833333333333334,17.666666666666668,24.833333333333332,0.18801971223333336,0.17467841865,-11.6169809752388,-1.2725154749714818,1
2021-07-01,312000.0,11702.0,13969.0,21700.0,1.9,11.0,0.2588479263,7,2021,320000.0,311600.0,13016.0,10489.0,15118.0,14815.0,20192.0,17612.0,1.6,1.7,9.0,15.0,0.2420760697,0.1830570066,315533.3333333333,298433.3333333333,11469.0,9323.0,14671.0,12454.5,18723.333333333332,17084.166666666668,1.666666666666666,1.9500000000000002,11.666666666666666,22.166666666666668,0.20715804710000005,0.1885735576333333,-13.120417163080688,-1.0409609077567137,1
2021-08-01,305000.0,11204.0,12167.0,21167.0,1.9,14.0,0.2856805405,8,2021,312000.0,315000.0,11702.0,10902.0,13969.0,14080.0,21700.0,18366.0,1.9,1.7,11.0,11.0,0.2588479263,0.196341065,315666.6666666667,305433.3333333333,11873.333333333334,10247.5,14389.0,13415.0,20086.0,18109.0,1.7333333333333327,1.8499999999999999,10.333333333333334,18.5,0.23242168700000007,0.2020597654,-12.814980480515558,-0.8250196404998663,1
2021-09-01,293000.0,9953.0,11512.0,20945.0,2.1,15.0,0.2808784913,9,2021,305000.0,320000.0,11204.0,13016.0,12167.0,15118.0,21167.0,20192.0,1.9,1.6,14.0,9.0,0.2856805405,0.2420760697,312333.3333333333,310600.0,11974.0,11103.166666666666,13751.333333333334,13964.666666666666,21019.666666666668,19144.333333333332,1.7999999999999992,1.75,11.333333333333334,14.5,0.2622015121666667,0.22511061220000003,-2.0375612737040916,-0.7733663424544336,1
2021-10-01,293000.0,9563.0,9894.0,19315.0,2.0,20.0,0.2777116231,10,2021,293000.0,312000.0,9953.0,11702.0,11512.0,13969.0,20945.0,21700.0,2.1,1.9,15.0,11.0,0.2808784913,0.2588479263,303333.3333333333,309433.3333333333,10953.0,11211.0,12549.333333333334,13610.166666666666,21270.666666666668,19997.0,1.9666666666666661,1.8166666666666664,13.333333333333334,12.5,0.2751356527,0.24114684990000002,-4.655081611642253,-0.7348639948185777,1
2021-11-01,293000.0,8953.0,7212.0,16845.0,1.9,22.0,0.2193529237,11,2021,293000.0,305000.0,9563.0,11204.0,9894.0,12167.0,19315.0,21167.0,2.0,1.9,20.0,14.0,0.2777116231,0.2856805405,297000.0,306333.3333333333,10240.0,11056.666666666666,11191.0,12790.0,20475.666666666668,20280.833333333332,1.9999999999999993,1.8666666666666665,16.333333333333332,13.333333333333334,0.2814235516333334,0.25692261931666666,-3.204899900985392,-1.084010390485691,0
2021-12-01,290000.0,9137.0,4822.0,14604.0,1.6,26.0,0.1431114763,12,2021,293000.0,293000.0,8953.0,9953.0,7212.0,11512.0,16845.0,20945.0,1.9,2.1,22.0,15.0,0.2193529237,0.2808784913,293000.0,302666.6666666667,9489.666666666666,10731.833333333334,9539.333333333334,11645.333333333334,19035.0,20027.333333333332,1.9999999999999993,1.8999999999999997,19.0,15.166666666666666,0.2593143460333334,0.2607579291,-1.1923310465457915,-1.5686835026512054,0
2022-01-01,290000.0,6339.0,7537.0,17848.0,2.8,32.0,0.1096481398,1,2022,290000.0,293000.0,9137.0,9563.0,4822.0,9894.0,14604.0,19315.0,1.6,2.0,26.0,20.0,0.1431114763,0.2777116231,292000.0,297666.6666666667,9217.666666666666,10085.333333333334,7309.333333333333,9929.333333333334,16921.333333333332,19096.0,1.8333333333333328,1.8999999999999997,22.666666666666668,18.0,0.21339200770000008,0.2442638302,-9.825611248044275,-1.2869245258216477,0
2022-02-01,291000.0,6182.0,9161.0,21728.0,3.5,52.0,0.08008100147,2,2022,290000.0,293000.0,6339.0,8953.0,7537.0,7212.0,17848.0,16845.0,2.8,1.9,32.0,22.0,0.1096481398,0.2193529237,291000.0,294000.0,8143.0,9191.5,6523.666666666667,8857.333333333334,16432.333333333332,18454.0,2.099999999999999,2.05,26.666666666666668,21.5,0.15737084660000006,0.21939719911666666,-38.375922586890454,-0.8892728693898652,0
2022-03-01,310000.0,8792.0,12470.0,23757.0,2.7,53.0,0.09736077788,3,2022,291000.0,290000.0,6182.0,9137.0,9161.0,4822.0,21728.0,14604.0,3.5,1.6,52.0,26.0,0.08008100147,0.1431114763,290333.3333333333,291666.6666666667,7219.333333333333,8354.5,7173.333333333333,8356.333333333334,18060.0,18547.5,2.633333333333333,2.316666666666667,36.666666666666664,27.833333333333332,0.1109468725233334,0.18513060927833333,-45.66191574023636,-1.0184338597802638,0
2022-04-01,327500.0,9511.0,12507.0,25294.0,2.7,49.0,0.1002213964,4,2022,310000.0,290000.0,8792.0,6339.0,12470.0,7537.0,23757.0,17848.0,2.7,2.8,53.0,32.0,0.09736077788,0.1096481398,297000.0,294500.0,7104.333333333333,8161.0,9722.666666666666,8516.0,21111.0,19016.166666666668,2.9999999999999996,2.4166666666666665,45.666666666666664,34.166666666666664,0.09569663971666671,0.15454432370833335,-47.27595780557425,-1.0724161968285963,0
2022-05-01,328000.0,10205.0,12882.0,26510.0,2.6,49.0,0.129649189,5,2022,327500.0,291000.0,9511.0,6182.0,12507.0,9161.0,25294.0,21728.0,2.7,3.5,49.0,52.0,0.1002213964,0.08008100147,309500.0,300250.0,8161.666666666667,8152.333333333333,11379.333333333334,8951.5,23593.0,20012.666666666668,2.9666666666666663,2.5333333333333337,51.333333333333336,39.0,0.09255439191666671,0.12496261925833334,-45.25126447686597,-0.9256901650587089,0
2022-06-01,340000.0,11021.0,13165.0,27341.0,2.5,48.0,0.179839801,6,2022,328000.0,310000.0,10205.0,8792.0,12882.0,12470.0,26510.0,23757.0,2.6,2.7,49.0,53.0,0.129649189,0.09736077788,321833.3333333333,306083.3333333333,9502.666666666666,8361.0,12619.666666666666,9896.5,25187.0,21623.5,2.666666666666666,2.65,50.333333333333336,43.5,0.10907712109333338,0.11001199680833333,-33.967359808300934,-0.6710764678555604,0
2022-07-01,325000.0,8970.0,10799.0,27550.0,3.1,49.0,0.2002177858,7,2022,340000.0,327500.0,11021.0,9511.0,13165.0,12507.0,27341.0,25294.0,2.5,2.7,48.0,49.0,0.179839801,0.1002213964,331833.3333333333,314416.6666666667,10245.666666666666,8675.0,12851.333333333334,11287.0,26381.666666666668,23746.333333333332,2.5999999999999996,2.8000000000000003,48.666666666666664,47.166666666666664,0.13657012880000005,0.11613338425833332,-25.70938497850207,-0.3411592615128726,0
2022-08-01,310000.0,8986.0,9327.0,25927.0,2.9,53.0,0.2196551857,8,2022,325000.0,328000.0,8970.0,10205.0,10799.0,12882.0,27550.0,26510.0,3.1,2.6,49.0,49.0,0.2002177858,0.129649189,331000.0,320250.0,10065.333333333334,9113.5,12282.0,11830.666666666666,27133.666666666668,25363.333333333332,2.733333333333333,2.85,48.666666666666664,50.0,0.16990225860000005,0.1312283252583333,-22.650419239615125,-0.21507115275578945,0
2022-09-01,305000.0,7881.0,8581.0,24959.0,3.2,57.0,0.2188789615,9,2022,310000.0,340000.0,8986.0,11021.0,9327.0,13165.0,25927.0,27341.0,2.9,2.5,53.0,48.0,0.2196551857,0.179839801,325000.0,323416.6666666667,9659.0,9580.833333333334,11097.0,11858.333333333334,26939.333333333332,26063.166666666668,2.8333333333333326,2.75,50.0,50.166666666666664,0.19990425750000007,0.15449068929666665,-23.111603851085547,-0.05411421400731512,0
2022-10-01,300000.0,6579.0,7214.0,23390.0,3.6,61.0,0.225096195,10,2022,305000.0,325000.0,7881.0,8970.0,8581.0,10799.0,24959.0,27550.0,3.2,3.1,57.0,49.0,0.2188789615,0.2002177858,313333.3333333333,322583.3333333333,8612.333333333334,9429.0,9569.0,11210.166666666666,26145.333333333332,26263.5,3.0666666666666664,2.8333333333333335,53.0,50.833333333333336,0.21291731100000008,0.1747437199,-22.073434499396992,0.18063762496516458,1
2022-11-01,294000.0,5857.0,5265.0,21005.0,3.6,61.0,0.193382528,11,2022,300000.0,310000.0,6579.0,8986.0,7214.0,9327.0,23390.0,25927.0,3.6,2.9,61.0,53.0,0.225096195,0.2196551857,305000.0,318000.0,7815.333333333333,8940.333333333334,8374.0,10328.0,24758.666666666668,25946.166666666668,3.233333333333333,2.983333333333333,57.0,52.833333333333336,0.2212101140666667,0.1955561863333333,-18.946066251268846,-0.011380148894289233,0
2022-12-01,285000.0,5558.0,3452.0,17363.0,3.1,65.0,0.1276277141,12,2022,294000.0,305000.0,5857.0,7881.0,5265.0,8581.0,21005.0,24959.0,3.6,3.2,61.0,57.0,0.193382528,0.2188789615,299666.6666666667,312333.3333333333,6772.333333333333,8215.666666666666,7020.0,9058.5,23118.0,25028.666666666668,3.4666666666666663,3.1500000000000004,59.666666666666664,54.833333333333336,0.21245256150000005,0.2061784095,-11.839548460050919,-0.4954622668296563,0
2023-01-01,285000.0,3861.0,5737.0,17890.0,4.6,76.0,0.1391839016,1,2023,285000.0,300000.0,5558.0,6579.0,3452.0,7214.0,17363.0,23390.0,3.1,3.6,65.0,61.0,0.1276277141,0.225096195,293000.0,303166.6666666667,5998.0,7305.166666666667,5310.333333333333,7439.666666666667,20586.0,23365.666666666668,3.433333333333333,3.25,62.333333333333336,57.666666666666664,0.1820354790333334,0.19747639501666667,-10.819371444077541,0.2423603132305406,0
2023-02-01,290000.0,4301.0,6548.0,18799.0,4.4,76.0,0.1173466674,2,2023,285000.0,294000.0,3861.0,5857.0,5737.0,5265.0,17890.0,21005.0,4.6,3.6,76.0,61.0,0.1391839016,0.193382528,288000.0,296500.0,5092.0,6453.666666666667,4818.0,6596.0,18752.666666666668,21755.666666666668,3.7666666666666657,3.5,67.33333333333333,62.166666666666664,0.15339804790000008,0.18730408098333332,26.936856251162776,0.047238931522531856,0
2023-03-01,309000.0,6828.0,8699.0,19088.0,2.8,57.0,0.1254191115,3,2023,290000.0,285000.0,4301.0,5558.0,6548.0,3452.0,18799.0,17363.0,4.4,3.1,76.0,65.0,0.1173466674,0.1276277141,286666.6666666667,293166.6666666667,4573.333333333333,5672.833333333333,5245.666666666667,6132.833333333333,18017.333333333332,20567.666666666668,4.033333333333332,3.75,72.33333333333333,66.0,0.1280527610333334,0.1702526612666667,46.53496490545326,-0.745794151042373,0
2023-04-01,320000.0,6669.0,8401.0,19574.0,2.9,51.0,0.1099417595,4,2023,309000.0,285000.0,6828.0,3861.0,8699.0,5737.0,19088.0,17890.0,2.8,4.6,57.0,76.0,0.1254191115,0.1391839016,294666.6666666667,293833.3333333333,4996.666666666667,5497.333333333333,6994.666666666667,6152.5,18592.333333333332,19589.166666666668,3.9333333333333322,3.6833333333333336,69.66666666666667,66.0,0.1273165601666667,0.1546760196,28.818929173494002,-0.9150079210888092,0
2023-05-01,329995.0,7852.0,9490.0,20044.0,2.6,49.0,0.1230293355,5,2023,320000.0,290000.0,6669.0,4301.0,8401.0,6548.0,19574.0,18799.0,2.9,4.4,51.0,76.0,0.1099417595,0.1173466674,306333.3333333333,297166.6666666667,5932.666666666667,5512.333333333333,7882.666666666667,6350.333333333333,19153.666666666668,18953.166666666668,3.366666666666666,3.5666666666666664,61.333333333333336,64.33333333333333,0.11756917946666673,0.13548361368333334,9.698890106464342,-0.965771607937759,0
2023-06-01,345000.0,8704.0,9420.0,19780.0,2.3,48.0,0.1390798787,6,2023,329995.0,309000.0,7852.0,6828.0,9490.0,8699.0,20044.0,19088.0,2.6,2.8,49.0,57.0,0.1230293355,0.1254191115,319665.0,303165.8333333333,7116.333333333333,5844.833333333333,8863.333333333334,7054.5,19568.666666666668,18793.0,2.7666666666666657,3.4,52.333333333333336,62.333333333333336,0.11946340216666673,0.1237580816,-5.1059737057051695,-0.9807696663263167,0
2023-07-01,337300.0,7202.0,8419.0,19719.0,2.7,49.0,0.1500583194,7,2023,345000.0,320000.0,8704.0,6669.0,9420.0,8401.0,19780.0,19574.0,2.3,2.9,48.0,51.0,0.1390798787,0.1099417595,331665.0,313165.8333333333,7741.666666666667,6369.166666666667,9103.666666666666,8049.166666666667,19799.333333333332,19195.833333333332,2.599999999999999,3.266666666666667,49.333333333333336,59.5,0.12401699123333339,0.12566677569999998,-22.664572621496614,-0.7706669538140621,0
2023-08-01,335000.0,7764.0,8489.0,19265.0,2.5,49.0,0.1752400727,8,2023,337300.0,329995.0,7202.0,7852.0,8419.0,9490.0,19719.0,20044.0,2.7,2.6,49.0,49.0,0.1500583194,0.1230293355,337431.6666666667,321882.5,7919.333333333333,6926.0,9109.666666666666,8496.166666666666,19847.666666666668,19500.666666666668,2.5333333333333328,2.9499999999999997,48.666666666666664,55.0,0.1373891778666667,0.12747917866666666,-25.05245285756227,-0.6811009384804271,0
2023-09-01,320000.0,6578.0,7562.0,19025.0,2.9,50.0,0.176977661,9,2023,335000.0,345000.0,7764.0,8704.0,8489.0,9420.0,19265.0,19780.0,2.5,2.3,49.0,48.0,0.1752400727,0.1390798787,339100.0,329382.5,7890.0,7503.166666666667,8776.0,8819.666666666666,19588.0,19578.333333333332,2.4999999999999996,2.6333333333333333,48.666666666666664,50.5,0.1547927569333334,0.13712807954999998,-20.22037989153652,-0.5269491163654199,0
2023-10-01,315000.0,6203.0,6965.0,18397.0,3.0,52.0,0.19008534,10,2023,320000.0,337300.0,6578.0,7202.0,7562.0,8419.0,19025.0,19719.0,2.9,2.7,50.0,49.0,0.176977661,0.1500583194,330766.6666666667,331215.8333333333,7181.333333333333,7461.5,8156.666666666667,8630.166666666666,19336.333333333332,19567.833333333332,2.6999999999999993,2.65,49.333333333333336,49.333333333333336,0.16742535103333336,0.14572117113333335,-19.143594346777814,-0.3804829323866184,0
2023-11-01,320000.0,5336.0,5470.0,17200.0,3.2,53.0,0.1736627907,11,2023,315000.0,335000.0,6203.0,7764.0,6965.0,8489.0,18397.0,19265.0,3.0,2.5,52.0,49.0,0.19008534,0.1752400727,323333.3333333333,330382.5,6848.333333333333,7383.833333333333,7672.0,8390.833333333334,18895.666666666668,19371.666666666668,2.7999999999999994,2.6666666666666665,50.333333333333336,49.5,0.18076769123333336,0.15907843455,-15.553730261855382,-0.39918865527482744,0
2023-12-01,305670.0,5303.0,3521.0,14316.0,2.7,57.0,0.1141380274,12,2023,320000.0,320000.0,5336.0,6578.0,5470.0,7562.0,17200.0,19025.0,3.2,2.9,53.0,50.0,0.1736627907,0.176977661,318333.3333333333,328716.6666666667,6039.0,6964.5,6665.666666666667,7720.833333333333,18207.333333333332,18897.666666666668,3.0333333333333328,2.766666666666667,51.666666666666664,50.166666666666664,0.1802419305666667,0.16751734375000002,-10.197269372753247,-0.8455494826623765,0
2024-01-01,312000.0,3984.0,5364.0,14678.0,3.7,65.0,0.1231094155,1,2024,305670.0,315000.0,5303.0,6203.0,3521.0,6965.0,14316.0,18397.0,2.7,3.0,57.0,52.0,0.1141380274,0.19008534,313556.6666666667,322161.6666666667,5614.0,6397.666666666667,5318.666666666667,6737.666666666667,16637.666666666668,17987.0,2.9666666666666663,2.8333333333333335,54.0,51.666666666666664,0.1592953860333334,0.16336036853333333,-10.569559123679406,-0.33411105385248185,0
2024-02-01,318000.0,4470.0,7571.0,16675.0,3.7,65.0,0.1086656672,2,2024,312000.0,320000.0,3984.0,5336.0,5364.0,5470.0,14678.0,17200.0,3.7,3.2,65.0,53.0,0.1231094155,0.1736627907,312556.6666666667,317945.0,4874.333333333333,5861.333333333333,4785.0,6228.5,15398.0,17146.833333333332,3.1999999999999993,3.0,58.333333333333336,54.333333333333336,0.13697007786666673,0.15886888455,-11.54909864949496,-0.42156408773696685,0
2024-03-01,339000.0,5896.0,8055.0,17585.0,3.0,50.0,0.1078760307,3,2024,318000.0,305670.0,4470.0,5303.0,7571.0,3521.0,16675.0,14316.0,3.7,2.7,65.0,57.0,0.1086656672,0.1141380274,311890.0,315111.6666666667,4585.666666666667,5312.333333333333,5485.333333333333,6075.5,15223.0,16715.166666666668,3.3666666666666667,3.1999999999999997,62.333333333333336,57.0,0.11530437003333338,0.1477731503,-7.397739017512139,-0.9138896271362777,0
2024-04-01,349000.0,7130.0,9408.0,18827.0,2.6,47.0,0.1215275933,4,2024,339000.0,312000.0,5896.0,3984.0,8055.0,5364.0,17585.0,14678.0,3.0,3.7,50.0,65.0,0.1078760307,0.1231094155,323000.0,318278.3333333333,4783.333333333333,5198.666666666667,6996.666666666667,6157.666666666667,16312.666666666666,16475.166666666668,3.4666666666666663,3.216666666666667,60.0,57.0,0.11321703780000004,0.13625621191666668,-13.987565842387594,-1.0105155640594794,0
2024-05-01,355000.0,7818.0,9776.0,19731.0,2.5,47.0,0.1341543764,5,2024,349000.0,318000.0,7130.0,4470.0,9408.0,7571.0,18827.0,16675.0,2.6,3.7,47.0,65.0,0.1215275933,0.1086656672,335333.3333333333,323945.0,5832.0,5353.166666666667,8344.666666666666,6564.833333333333,17695.666666666668,16546.833333333332,3.0999999999999996,3.1500000000000004,54.0,56.166666666666664,0.11268976373333339,0.12482992080000001,10.53815570415717,-0.9655151524388336,0
2024-06-01,375000.0,7465.0,8994.0,20334.0,2.7,48.0,0.1396675519,6,2024,355000.0,339000.0,7818.0,5896.0,9776.0,8055.0,19731.0,17585.0,2.5,3.0,47.0,50.0,0.1341543764,0.1078760307,347666.6666666667,329778.3333333333,6948.0,5766.833333333333,9079.666666666666,7282.5,18714.333333333332,16968.666666666668,2.6999999999999993,3.0333333333333337,48.0,55.166666666666664,0.1211860001333334,0.11824518508333333,9.042592040985209,-0.8514059269929503,0
2024-07-01,365000.0,7750.0,8867.0,20320.0,2.6,49.0,0.1709645669,7,2024,375000.0,349000.0,7465.0,7130.0,8994.0,9408.0,20334.0,18827.0,2.7,2.6,48.0,47.0,0.1396675519,0.1215275933,359666.6666666667,341333.3333333333,7471.0,6127.166666666667,9392.666666666666,8194.666666666666,19630.666666666668,17971.666666666668,2.599999999999999,3.033333333333333,47.333333333333336,53.666666666666664,0.13178317386666671,0.12250010583333333,0.4225436529662341,-0.6755365990734171,0
2024-08-01,351500.0,7383.0,8290.0,19798.0,2.7,50.0,0.1786038994,8,2024,365000.0,355000.0,7750.0,7818.0,8867.0,9776.0,20320.0,19731.0,2.6,2.5,49.0,47.0,0.1709645669,0.1341543764,365000.0,350166.6666666667,7677.666666666667,6754.833333333333,9212.333333333334,8778.5,20128.333333333332,18912.0,2.5999999999999996,2.85,48.0,51.0,0.1482621650666667,0.1304759644,13.932081595737245,-0.5800054453103948,0
2024-09-01,350000.0,6026.0,7933.0,20368.0,3.4,53.0,0.1885801257,9,2024,351500.0,375000.0,7383.0,7465.0,8290.0,8994.0,19798.0,20334.0,2.7,2.7,50.0,48.0,0.1786038994,0.1396675519,363833.3333333333,355750.0,7532.666666666667,7240.333333333333,8717.0,8898.333333333334,20150.666666666668,19432.5,2.666666666666666,2.6833333333333336,49.0,48.5,0.1630786727333334,0.14213233643333334,1.919553357957482,-0.24596541293101823,0
2024-10-01,340000.0,6367.0,7669.0,20125.0,3.2,54.0,0.1982608696,10,2024,350000.0,365000.0,6026.0,7750.0,7933.0,8867.0,20368.0,20320.0,3.4,2.6,53.0,49.0,0.1885801257,0.1709645669,355500.0,357583.3333333333,7053.0,7262.0,8363.333333333334,8878.0,20162.0,19896.333333333332,2.9,2.75,50.666666666666664,49.0,0.17938286400000003,0.15558301893333334,6.5558922151197185,-0.2324282104207768,0
2024-11-01,347644.5,5696.0,5276.0,18343.0,3.2,56.0,0.1638772284,11,2024,340000.0,351500.0,6367.0,7383.0,7669.0,8290.0,20125.0,19798.0,3.2,2.7,54.0,50.0,0.1982608696,0.1786038994,347166.6666666667,356083.3333333333,6592.0,7134.833333333333,7964.0,8588.166666666666,20097.0,20112.666666666668,3.0999999999999996,2.85,52.333333333333336,50.166666666666664,0.18848163156666672,0.16837189831666666,4.3009784973423,-0.40496065549734733,0
2024-12-01,340000.0,5651.0,3725.0,15228.0,2.7,61.0,0.1218150775,12,2024,347644.5,350000.0,5696.0,6026.0,5276.0,7933.0,18343.0,20368.0,3.2,3.4,56.0,53.0,0.1638772284,0.1885801257,345881.5,354857.4166666667,6029.666666666667,6781.166666666667,6959.333333333333,7838.166666666667,19612.0,19881.333333333332,3.2666666666666657,2.966666666666667,54.333333333333336,51.666666666666664,0.18357274123333336,0.17332570698333336,-5.634806546961713,-0.727764379756629,0
2025-01-01,335000.0,4368.0,5927.0,15746.0,3.6,70.0,0.1422583513,1,2025,340000.0,340000.0,5651.0,6367.0,3725.0,7669.0,15228.0,20125.0,2.7,3.2,61.0,54.0,0.1218150775,0.1982608696,342548.1666666667,349024.0833333333,5904.666666666667,6478.833333333333,5556.666666666667,6960.0,17898.666666666668,19030.333333333332,3.0333333333333328,2.966666666666667,57.0,53.833333333333336,0.1613177251666667,0.1703502945833333,6.72611072302447,-0.1604924799548101,0
2025-02-01,345000.0,4474.0,7237.0,17136.0,3.8,68.0,0.1225490196,2,2025,335000.0,347644.5,4368.0,5696.0,5927.0,5276.0,15746.0,18343.0,3.6,3.2,70.0,56.0,0.1422583513,0.1638772284,340881.5,344024.0833333333,5238.333333333333,5915.166666666667,4976.0,6470.0,16439.0,18268.0,3.166666666666666,3.1333333333333333,62.333333333333336,57.333333333333336,0.14265021906666672,0.16556592531666667,15.554403960272234,-0.2525757544026203,0
2025-03-01,360000.0,5747.0,8572.0,18373.0,3.2,53.0,0.1434713982,3,2025,345000.0,340000.0,4474.0,5651.0,7237.0,3725.0,17136.0,15228.0,3.8,2.7,68.0,61.0,0.1225490196,0.1218150775,340000.0,342940.75,4831.0,5430.333333333333,5629.666666666667,6294.5,16036.666666666666,17824.333333333332,3.366666666666666,3.316666666666667,66.33333333333333,60.333333333333336,0.12887414946666673,0.15622344535,12.776208675411338,-0.58198946407335,0
2025-04-01,370000.0,6818.0,9600.0,19825.0,2.9,47.0,0.1489029004,4,2025,360000.0,335000.0,5747.0,4368.0,8572.0,5927.0,18373.0,15746.0,3.2,3.6,53.0,70.0,0.1434713982,0.1422583513,346666.6666666667,344607.4166666667,4863.0,5383.833333333333,7245.333333333333,6401.0,17085.0,17491.833333333332,3.5333333333333328,3.283333333333333,63.666666666666664,60.333333333333336,0.1360929230333334,0.1487053241,32.99654915834791,-0.7504112479403394,0
2025-05-01,375000.0,7461.0,9889.0,20948.0,2.8,48.0,0.1552892878,5,2025,370000.0,345000.0,6818.0,4474.0,9600.0,7237.0,19825.0,17136.0,2.9,3.8,47.0,68.0,0.1489029004,0.1225490196,358333.3333333333,349607.4166666667,5679.666666666667,5459.0,8469.666666666666,6722.833333333333,18444.666666666668,17441.833333333332,3.2999999999999994,3.233333333333333,56.0,59.166666666666664,0.1383077727333334,0.14047899590000001,22.526001179355216,-0.7253691093582569,0
2025-06-01,385000.0,8098.0,9168.0,21030.0,2.6,48.0,0.1708987161,6,2025,375000.0,360000.0,7461.0,5747.0,9889.0,8572.0,20948.0,18373.0,2.8,3.2,48.0,53.0,0.1552892878,0.1434713982,368333.3333333333,354166.6666666667,6675.333333333333,5753.166666666667,9353.666666666666,7491.666666666667,19715.333333333332,17876.0,2.9666666666666663,3.1666666666666665,49.333333333333336,57.833333333333336,0.14922119546666673,0.13904767246666666,15.754172146410884,-0.6937609623833708,0
2025-07-01,375000.0,7698.0,8723.0,20758.0,2.7,50.0,0.1945274111,7,2025,385000.0,370000.0,8098.0,6818.0,9168.0,9600.0,21030.0,19825.0,2.6,2.9,48.0,47.0,0.1708987161,0.1489029004,376666.6666666667,361666.6666666667,7459.0,6161.0,9552.333333333334,8398.833333333334,20601.0,18843.0,2.766666666666666,3.1500000000000004,47.666666666666664,55.666666666666664,0.1583636347666667,0.14722827889999998,22.361073689013367,-0.48359283970855865,0
2025-08-01,375000.0,7135.0,7721.0,20119.0,2.8,51.0,0.1957850788,8,2025,375000.0,375000.0,7698.0,7461.0,8723.0,9889.0,20758.0,20948.0,2.7,2.8,50.0,48.0,0.1945274111,0.1552892878,378333.3333333333,368333.3333333333,7752.333333333333,6716.0,9260.0,8864.833333333334,20912.0,19678.333333333332,2.6999999999999993,3.0,48.666666666666664,52.333333333333336,0.17357180500000005,0.15593978886666668,13.782296897685399,-0.42670095993467294,0
2025-09-01,360000.0,6453.0,8013.0,20151.0,3.1,52.0,0.2054488611,9,2025,375000.0,385000.0,7135.0,8098.0,7721.0,9168.0,20119.0,21030.0,2.8,2.6,51.0,48.0,0.1957850788,0.1708987161,378333.3333333333,373333.3333333333,7643.666666666667,7159.5,8537.333333333334,8945.5,20635.666666666668,20175.5,2.6999999999999993,2.8333333333333335,49.666666666666664,49.5,0.18707040200000005,0.16814579873333335,9.619711248028896,-0.25600953632261775,0
2025-10-01,367000.0,6637.0,7560.0,19272.0,2.9,54.0,0.2196450809,10,2025,360000.0,375000.0,6453.0,7698.0,8013.0,8723.0,20151.0,20758.0,3.1,2.7,52.0,50.0,0.2054488611,0.1945274111,370000.0,373333.3333333333,7095.333333333333,7277.166666666667,8152.333333333333,8852.333333333334,20342.666666666668,20471.833333333332,2.866666666666666,2.8166666666666664,51.0,49.333333333333336,0.19858711700000006,0.17847537588333331,8.945128940488356,-0.1973066802942878,0
2025-11-01,358000.0,5114.0,4986.0,17308.0,3.4,56.0,0.1769701872,11,2025,367000.0,375000.0,6637.0,7135.0,7560.0,7721.0,19272.0,20119.0,2.9,2.8,54.0,51.0,0.2196450809,0.1957850788,367333.3333333333,372833.3333333333,6741.666666666667,7247.0,7764.666666666667,8512.333333333334,19847.333333333332,20379.666666666668,2.9333333333333322,2.816666666666667,52.333333333333336,50.5,0.20695967360000003,0.19026573930000001,10.78589604854634,-0.2627835232298709,0
2025-12-01,355000.0,5761.0,3623.0,13432.0,2.3,61.0,0.1485259083,12,2025,358000.0,360000.0,5114.0,6453.0,4986.0,8013.0,17308.0,20151.0,3.4,3.1,56.0,52.0,0.1769701872,0.2054488611,361666.6666666667,370000.0,6068.0,6855.833333333333,6853.0,7695.166666666667,18910.333333333332,19773.0,3.133333333333333,2.9166666666666665,54.0,51.833333333333336,0.20068804306666674,0.19387922253333334,7.989492455926839,-0.6918429766378974,0
